"--large-name10--","TransitIndexServiceImpl(HashMap<String,List<RouteVariant>>,HashMap<AgencyAndId,List<RouteVariant>>,HashMap<AgencyAndId,RouteVariant>,HashMap<AgencyAndId,PreBoardEdge>,HashMap<AgencyAndId,PreAlightEdge>,HashMap<AgencyAndId,List<PatternHop>>,HashMap<AgencyAndId,HashSet<String>>,HashMap<AgencyAndId,HashSet<Stop>>,List<TraverseMode>)"
"--large-name14--","TransitIndexServiceImpl(HashMap<String,List<RouteVariant>>,HashMap<AgencyAndId,List<RouteVariant>>,HashMap<AgencyAndId,RouteVariant>,HashMap<AgencyAndId,PreBoardEdge>,HashMap<AgencyAndId,PreAlightEdge>,HashMap<AgencyAndId,TableTripPattern>,HashMap<AgencyAndId,HashSet<String>>,HashMap<AgencyAndId,HashSet<Stop>>,HashMap<AgencyAndId,Route>,HashMap<AgencyAndId,Stop>,List<TraverseMode>)"
"--large-name16--","TransitIndexServiceImpl(HashMap<AgencyAndId,List<Stop>>,HashMap<String,List<RouteVariant>>,HashMap<AgencyAndId,List<RouteVariant>>,HashMap<AgencyAndId,RouteVariant>,HashMap<AgencyAndId,PreBoardEdge>,HashMap<AgencyAndId,PreAlightEdge>,HashMap<AgencyAndId,TableTripPattern>,HashMap<AgencyAndId,HashSet<String>>,HashMap<AgencyAndId,HashSet<Stop>>,HashMap<AgencyAndId,Route>,HashMap<AgencyAndId,Stop>,List<TraverseMode>)"
"--large-name1--","TransitIndexServiceImpl(HashMap<String,List<RouteVariant>>,HashMap<AgencyAndId,List<RouteVariant>>,HashMap<AgencyAndId,RouteVariant>,HashMap<AgencyAndId,Edge>,HashMap<AgencyAndId,Edge>,HashMap<AgencyAndId,HashSet<String>>,List<TraverseMode>)"
"--large-name2--","TransitIndexServiceImpl(HashMap<String,List<RouteVariant>>,HashMap<AgencyAndId,List<RouteVariant>>,HashMap<AgencyAndId,RouteVariant>,HashMap<AgencyAndId,PreBoardEdge>,HashMap<AgencyAndId,PreAlightEdge>,HashMap<AgencyAndId,HashSet<String>>,List<TraverseMode>)"
"--large-name7--","FindNearestEdges_call(FindNearestEdgesRequest,org.apache.thrift.async.AsyncMethodCallback<FindNearestEdges_call>,org.apache.thrift.async.TAsyncClient,org.apache.thrift.protocol.TProtocolFactory,org.apache.thrift.transport.TNonblockingTransport)"
"--large-name15--","merge(HashMap<String,List<RouteVariant>>,HashMap<AgencyAndId,List<RouteVariant>>,HashMap<AgencyAndId,RouteVariant>,HashMap<AgencyAndId,PreBoardEdge>,HashMap<AgencyAndId,PreAlightEdge>,HashMap<AgencyAndId,TableTripPattern>,HashMap<AgencyAndId,HashSet<String>>,HashMap<AgencyAndId,HashSet<Stop>>,HashMap<AgencyAndId,Route>,HashMap<AgencyAndId,Stop>,List<TraverseMode>)"
"--large-name19--","merge(HashMap<AgencyAndId,List<Stop>>,HashMap<String,List<RouteVariant>>,HashMap<AgencyAndId,List<RouteVariant>>,HashMap<AgencyAndId,RouteVariant>,HashMap<AgencyAndId,PreBoardEdge>,HashMap<AgencyAndId,PreAlightEdge>,HashMap<AgencyAndId,TripPattern>,HashMap<AgencyAndId,HashSet<String>>,HashMap<AgencyAndId,HashSet<Stop>>,HashMap<AgencyAndId,Route>,HashMap<AgencyAndId,Stop>,List<TraverseMode>)"
"--large-name9--","BulkFindNearestVertex_call(BulkFindNearestVertexRequest,org.apache.thrift.async.AsyncMethodCallback<BulkFindNearestVertex_call>,org.apache.thrift.async.TAsyncClient,org.apache.thrift.protocol.TProtocolFactory,org.apache.thrift.transport.TNonblockingTransport)"
"--large-name5--","GetManyTripDurations_call(BulkTripDurationRequest,org.apache.thrift.async.AsyncMethodCallback<GetManyTripDurations_call>,org.apache.thrift.async.TAsyncClient,org.apache.thrift.protocol.TProtocolFactory,org.apache.thrift.transport.TNonblockingTransport)"
"--large-name17--","merge(HashMap<AgencyAndId,List<Stop>>,HashMap<String,List<RouteVariant>>,HashMap<AgencyAndId,List<RouteVariant>>,HashMap<AgencyAndId,RouteVariant>,HashMap<AgencyAndId,PreBoardEdge>,HashMap<AgencyAndId,PreAlightEdge>,HashMap<AgencyAndId,TableTripPattern>,HashMap<AgencyAndId,HashSet<String>>,HashMap<AgencyAndId,HashSet<Stop>>,HashMap<AgencyAndId,Route>,HashMap<AgencyAndId,Stop>,List<TraverseMode>)"
"--large-name4--","merge(HashMap<String,List<RouteVariant>>,HashMap<AgencyAndId,List<RouteVariant>>,HashMap<AgencyAndId,RouteVariant>,HashMap<AgencyAndId,PreBoardEdge>,HashMap<AgencyAndId,PreAlightEdge>,HashMap<AgencyAndId,HashSet<String>>,HashMap<AgencyAndId,HashSet<Stop>>,List<TraverseMode>)"
"--large-name11--","merge(HashMap<String,List<RouteVariant>>,HashMap<AgencyAndId,List<RouteVariant>>,HashMap<AgencyAndId,RouteVariant>,HashMap<AgencyAndId,PreBoardEdge>,HashMap<AgencyAndId,PreAlightEdge>,HashMap<AgencyAndId,List<PatternHop>>,HashMap<AgencyAndId,HashSet<String>>,HashMap<AgencyAndId,HashSet<Stop>>,List<TraverseMode>)"
"--large-name8--","BulkFindNearestEdges_call(BulkFindNearestEdgesRequest,org.apache.thrift.async.AsyncMethodCallback<BulkFindNearestEdges_call>,org.apache.thrift.async.TAsyncClient,org.apache.thrift.protocol.TProtocolFactory,org.apache.thrift.transport.TNonblockingTransport)"
"--large-name18--","TransitIndexServiceImpl(HashMap<AgencyAndId,List<Stop>>,HashMap<String,List<RouteVariant>>,HashMap<AgencyAndId,List<RouteVariant>>,HashMap<AgencyAndId,RouteVariant>,HashMap<AgencyAndId,PreBoardEdge>,HashMap<AgencyAndId,PreAlightEdge>,HashMap<AgencyAndId,TripPattern>,HashMap<AgencyAndId,HashSet<String>>,HashMap<AgencyAndId,HashSet<Stop>>,HashMap<AgencyAndId,Route>,HashMap<AgencyAndId,Stop>,List<TraverseMode>)"
"--large-name13--","merge(HashMap<String,List<RouteVariant>>,HashMap<AgencyAndId,List<RouteVariant>>,HashMap<AgencyAndId,RouteVariant>,HashMap<AgencyAndId,PreBoardEdge>,HashMap<AgencyAndId,PreAlightEdge>,HashMap<AgencyAndId,TableTripPattern>,HashMap<AgencyAndId,HashSet<String>>,HashMap<AgencyAndId,HashSet<Stop>>,List<TraverseMode>)"
"--large-name3--","TransitIndexServiceImpl(HashMap<String,List<RouteVariant>>,HashMap<AgencyAndId,List<RouteVariant>>,HashMap<AgencyAndId,RouteVariant>,HashMap<AgencyAndId,PreBoardEdge>,HashMap<AgencyAndId,PreAlightEdge>,HashMap<AgencyAndId,HashSet<String>>,HashMap<AgencyAndId,HashSet<Stop>>,List<TraverseMode>)"
"--large-name6--","FindNearestVertex_call(FindNearestVertexRequest,org.apache.thrift.async.AsyncMethodCallback<FindNearestVertex_call>,org.apache.thrift.async.TAsyncClient,org.apache.thrift.protocol.TProtocolFactory,org.apache.thrift.transport.TNonblockingTransport)"
"--large-name12--","TransitIndexServiceImpl(HashMap<String,List<RouteVariant>>,HashMap<AgencyAndId,List<RouteVariant>>,HashMap<AgencyAndId,RouteVariant>,HashMap<AgencyAndId,PreBoardEdge>,HashMap<AgencyAndId,PreAlightEdge>,HashMap<AgencyAndId,TableTripPattern>,HashMap<AgencyAndId,HashSet<String>>,HashMap<AgencyAndId,HashSet<Stop>>,List<TraverseMode>)"